STATE,ST_CASE,VE_TOTAL,VE_FORMS,PVH_INVL,PEDS,PERNOTMVIT,PERMVIT,PERSONS,COUNTY,CITY,DAY,MONTH,YEAR,DAY_WEEK,HOUR,MINUTE,NHS,ROAD_FNC,ROUTE,TWAY_ID,TWAY_ID2,MILEPT,LATITUDE,LONGITUD,SP_JUR,HARM_EV,MAN_COLL,RELJCT1,RELJCT2,TYP_INT,WRK_ZONE,REL_ROAD,LGT_COND,WEATHER1,WEATHER2,WEATHER,SCH_BUS,RAIL,NOT_HOUR,NOT_MIN,ARR_HOUR,ARR_MIN,HOSP_HR,HOSP_MN,CF1,CF2,CF3,FATALS,DRUNK_DR
6,60571,1,1,0,0,0,1,1,29,0,27,4,2013,7,19,34,1,2,2,US-395 RAMP,,237,35.6535,-117.8020889,0,31,0,0,5,1,0,4,5,1,0,1,0,0000000,99,99,99,99,99,99,0,0,0,1,1
6,60572,2,2,0,0,0,2,2,53,0,27,4,2013,7,19,35,1,2,2,US-395 RAMP,,237,36.31335,-121.1702,0,1,0,0,1,1,0,1,5,1,0,1,0,0000000,99,99,99,99,88,88,14,0,0,1,0
6,60575,1,1,0,0,0,2,2,107,4050,27,4,2013,7,21,19,0,12,6,NOBLE AVE,,0,36.32681667,-119.333025,0,1,0,0,1,1,0,1,3,1,0,1,0,0000000,99,99,99,99,99,99,0,0,0,1,1
6,60621,1,1,0,0,0,1,1,81,4259,27,4,2013,7,19,6,0,13,3,SR-84,,171,37.39816389,-122.2559472,0,42,0,0,1,1,0,5,1,1,0,1,0,0000000,99,99,99,99,88,88,0,0,0,1,1
6,60622,3,3,0,0,0,3,3,65,2278,27,4,2013,7,21,11,0,14,6,MORENO BEACH DR,BAY AVE,0,33.92097778,-117.1741778,0,12,6,0,2,3,0,1,3,1,0,1,0,0000000,99,99,99,99,99,99,0,0,0,1,0
6,60966,3,1,2,0,5,1,6,65,3070,27,4,2013,7,22,50,1,11,1,I-215,,388,33.94746389,-117.3011806,0,14,0,0,1,1,1,8,2,1,0,1,0,0000000,99,99,99,99,99,99,0,0,0,1,1
6,61108,1,1,0,0,0,1,1,55,0,27,4,2013,7,22,38,0,4,4,CR-ORCHARD AVE,,0,38.34240278,-122.3439194,0,42,0,0,1,1,0,4,2,1,0,1,0,0000000,99,99,99,99,88,88,0,0,0,1,1
6,62840,1,1,0,1,1,1,1,37,1980,27,4,2013,7,18,50,0,14,6,FIGUEROA ST,BURWOOD AVE,0,34.12669444,-118.1867833,0,8,0,0,3,3,0,1,1,1,0,1,0,0000000,99,99,99,99,99,99,0,0,0,1,0